City_ID,City,Country,Date,Lat,Lng,Max Temp,Humidity,Cloudiness,Wind Speed
0,Vila Do Maio,CV,2021-12-12 14:11:35,15.1333,-23.2167,79.59,70,49,10.96
1,Sao Filipe,CV,2021-12-12 14:11:35,14.8961,-24.4956,76.21,68,16,9.69
2,Tobol,KZ,2021-12-12 14:11:36,52.6844,62.5794,6.24,92,13,5.99
3,Cape Town,ZA,2021-12-12 14:11:36,-33.9258,18.4232,77.09,50,100,1.99
4,Mount Isa,AU,2021-12-12 14:11:36,-20.7333,139.5,82.17,15,0,8.05
5,Thompson,CA,2021-12-12 14:11:37,55.7435,-97.8558,2.07,98,100,3.24
6,Albany,US,2021-12-12 14:11:37,42.6001,-73.9662,39.09,71,15,1.01
7,Ambon,ID,2021-12-12 14:11:37,-3.6954,128.1814,82.51,79,100,5.57
8,Nikolskoye,RU,2021-12-12 14:11:37,59.7035,30.7861,23.4,96,94,5.55
9,Rikitea,PF,2021-12-12 14:11:38,-23.1203,-134.9692,76.23,75,26,3.36
10,Atuona,PF,2021-12-12 14:11:38,-9.8,-139.0333,78.22,78,25,18.59
11,Zinder,NE,2021-12-12 14:11:38,13.8072,8.9881,90.1,9,68,11.97
12,Puerto Ayora,EC,2021-12-12 14:11:39,-0.7393,-90.3518,73.36,89,100,3.0
13,Saskylakh,RU,2021-12-12 14:11:39,71.9167,114.0833,-45.2,100,68,3.33
14,Yellowknife,CA,2021-12-12 14:11:39,62.456,-114.3525,10.42,95,100,8.99
15,Schwarzenbach,DE,2021-12-12 14:11:39,49.7333,12.0,37.44,86,99,6.82
16,Kalulushi,ZM,2021-12-12 14:11:40,-12.8378,28.0919,92.19,19,55,3.31
17,Mataura,NZ,2021-12-12 14:11:40,-46.1927,168.8643,44.47,99,67,2.1
18,Chuy,UY,2021-12-12 14:11:40,-33.6971,-53.4616,77.97,52,0,7.27
19,Provideniya,RU,2021-12-12 14:11:41,64.3833,-173.3,-9.62,87,39,4.92
20,Qui Nhon,VN,2021-12-12 14:11:41,13.7667,109.2333,73.26,87,73,18.41
21,Cortez,US,2021-12-12 14:11:41,37.3489,-108.5859,25.7,85,1,4.61
22,Hilo,US,2021-12-12 14:11:41,19.7297,-155.09,71.28,77,1,6.91
23,Vaini,TO,2021-12-12 14:11:42,-21.2,-175.2,77.16,94,40,4.61
24,Ribeira Grande,PT,2021-12-12 14:11:42,38.5167,-28.7,59.4,72,40,25.32
25,Georgetown,MY,2021-12-12 14:11:25,5.4112,100.3354,84.88,74,20,3.44
26,Saint-Georges,GD,2021-12-12 14:11:42,12.0564,-61.7485,83.88,74,40,11.5
27,Meulaboh,ID,2021-12-12 14:11:43,4.1363,96.1285,78.91,85,85,2.95
28,Ushuaia,AR,2021-12-12 14:11:43,-54.8,-68.3,47.75,86,100,5.1
29,Hermanus,ZA,2021-12-12 14:11:43,-34.4187,19.2345,73.9,71,100,9.22
30,Mount Gambier,AU,2021-12-12 14:11:43,-37.8333,140.7667,60.26,52,7,6.4
31,Hithadhoo,MV,2021-12-12 14:11:44,-0.6,73.0833,81.46,74,100,8.9
32,Punta Arenas,CL,2021-12-12 14:09:51,-53.15,-70.9167,53.71,58,40,24.16
33,Garowe,SO,2021-12-12 14:11:44,8.4054,48.4845,86.65,31,29,14.79
34,Port Alfred,ZA,2021-12-12 14:11:44,-33.5906,26.891,74.19,76,60,13.82
35,Castro,BR,2021-12-12 14:11:45,-24.7911,-50.0119,83.73,35,90,4.47
36,Kruisfontein,ZA,2021-12-12 14:11:45,-34.0033,24.7314,74.88,69,100,13.62
37,Kodiak,US,2021-12-12 14:09:00,57.79,-152.4072,11.71,52,1,18.41
38,Axim,GH,2021-12-12 14:11:45,4.8699,-2.2405,85.42,67,99,9.31
39,Ixtapa,MX,2021-12-12 14:11:46,20.7,-105.2,67.23,94,1,3.44
40,Ilo,PE,2021-12-12 14:11:46,-17.6394,-71.3375,67.91,82,89,8.05
41,Tiksi,RU,2021-12-12 14:11:46,71.6872,128.8694,-21.37,100,95,2.77
42,Buraydah,SA,2021-12-12 14:11:46,26.326,43.975,65.97,25,89,7.7
43,Cherskiy,RU,2021-12-12 14:11:47,68.75,161.3,-43.33,100,49,1.88
44,Inhambane,MZ,2021-12-12 14:11:47,-23.865,35.3833,85.23,69,15,17.58
45,Lorengau,PG,2021-12-12 14:11:47,-2.0226,147.2712,82.54,84,67,8.79
46,Bethel,US,2021-12-12 14:11:48,41.3712,-73.414,42.89,52,1,3.0
47,Gorele,TR,2021-12-12 14:11:48,41.0308,39.0031,56.64,54,45,8.32
48,Makakilo City,US,2021-12-12 14:11:48,21.3469,-158.0858,71.92,83,40,0.0
49,Saint-Pierre,RE,2021-12-12 14:11:49,-21.3393,55.4781,82.29,67,0,26.46
50,Avarua,CK,2021-12-12 14:11:49,-21.2078,-159.775,75.25,88,100,1.14
51,Ostrovnoy,RU,2021-12-12 14:11:49,68.0531,39.5131,28.22,91,100,17.9
52,Sisimiut,GL,2021-12-12 14:11:49,66.9395,-53.6735,18.12,92,94,6.93
53,Katherine,AU,2021-12-12 14:11:50,-14.4667,132.2667,86.32,54,85,6.91
54,North Bend,US,2021-12-12 14:11:50,43.4065,-124.2243,46.08,97,90,4.61
55,Bredasdorp,ZA,2021-12-12 14:11:50,-34.5322,20.0403,71.28,53,100,12.41
56,Busselton,AU,2021-12-12 14:11:51,-33.65,115.3333,55.09,64,13,15.55
57,Sistranda,NO,2021-12-12 14:11:51,63.7256,8.834,39.9,88,100,13.53
58,Itzehoe,DE,2021-12-12 14:11:51,53.921,9.5153,44.94,82,100,4.0
59,Beringovskiy,RU,2021-12-12 14:11:52,63.05,179.3167,-25.11,98,61,8.5
60,Butaritari,KI,2021-12-12 14:11:52,3.0707,172.7902,82.24,72,99,15.93
61,Mar Del Plata,AR,2021-12-12 14:11:52,-38.0023,-57.5575,65.88,97,100,11.99
62,Barrow,US,2021-12-12 14:11:52,71.2906,-156.7887,-7.58,77,75,16.11
63,Mahebourg,MU,2021-12-12 14:11:53,-20.4081,57.7,79.25,67,100,15.23
64,Isangel,VU,2021-12-12 14:11:53,-19.55,169.2667,80.17,86,100,9.08
65,Yambio,SS,2021-12-12 14:11:53,4.5721,28.3955,96.82,16,99,5.99
66,Guozhen,CN,2021-12-12 14:11:54,34.3659,107.359,37.51,63,0,0.98
67,Mumbwa,ZM,2021-12-12 14:11:54,-14.9783,27.0619,95.99,14,54,9.53
68,Bluff,NZ,2021-12-12 14:11:54,-46.6,168.3333,44.8,83,16,4.63
69,Tasiilaq,GL,2021-12-12 14:11:54,65.6145,-37.6368,33.96,91,100,11.43
70,Balkhash,KZ,2021-12-12 14:11:55,46.844,74.9804,28.04,94,100,3.58
71,Peace River,CA,2021-12-12 14:10:00,56.2501,-117.286,10.65,98,21,5.99
72,Upernavik,GL,2021-12-12 14:11:55,72.7868,-56.1549,5.68,91,100,9.24
73,Mahon,ES,2021-12-12 14:11:55,39.8885,4.2658,57.76,67,40,12.66
74,Nambucca Heads,AU,2021-12-12 14:11:56,-30.65,153.0,66.0,83,94,6.85
75,Jamestown,US,2021-12-12 14:11:56,42.097,-79.2353,36.99,85,90,14.0
76,Dikson,RU,2021-12-12 14:11:56,73.5069,80.5464,-21.21,97,30,8.37
77,New Norfolk,AU,2021-12-12 14:11:57,-42.7826,147.0587,53.1,69,3,1.39
78,Pitimbu,BR,2021-12-12 14:11:57,-7.4706,-34.8086,88.39,64,9,13.42
79,Lebu,CL,2021-12-12 14:11:57,-37.6167,-73.65,57.18,55,8,7.74
80,Portland,US,2021-12-12 14:09:07,45.5234,-122.6762,43.21,93,90,5.01
81,Andenes,NO,2021-12-12 14:11:58,69.3143,16.1194,34.07,93,75,6.91
82,Seminole,US,2021-12-12 14:09:34,28.7086,-81.2081,72.43,93,90,3.44
83,Kysyl-Syr,RU,2021-12-12 14:11:58,63.8986,122.7617,-37.1,100,61,4.18
84,Cayenne,GF,2021-12-12 14:11:58,4.9333,-52.3333,77.09,91,90,5.75
85,Mabaruma,GY,2021-12-12 14:11:59,8.2,-59.7833,74.26,99,100,3.6
86,Nouadhibou,MR,2021-12-12 14:11:59,20.931,-17.0347,69.85,52,100,8.52
87,Srednekolymsk,RU,2021-12-12 14:11:59,67.45,153.6833,-46.77,99,97,2.75
88,Talnakh,RU,2021-12-12 14:11:59,69.4865,88.3972,-25.8,85,100,2.33
89,Qaanaaq,GL,2021-12-12 14:12:00,77.484,-69.3632,0.61,66,98,1.68
90,Yazoo City,US,2021-12-12 14:12:00,32.8551,-90.4056,39.94,73,0,6.17
91,Kaitangata,NZ,2021-12-12 14:12:00,-46.2817,169.8464,45.93,93,99,3.83
92,Huilong,CN,2021-12-12 14:12:01,31.8111,121.655,50.04,60,94,13.96
93,Shakiso,ET,2021-12-12 14:12:01,5.75,38.9167,77.38,27,67,9.93
94,Broken Hill,AU,2021-12-12 14:12:01,-31.95,141.4333,78.15,18,13,8.25
95,Riverton,US,2021-12-12 14:12:02,40.5219,-111.9391,37.15,59,90,11.99
96,Khorixas,NA,2021-12-12 14:12:02,-20.3667,14.9667,86.0,37,99,5.82
97,East London,ZA,2021-12-12 14:12:02,-33.0153,27.9116,75.36,73,17,11.99
98,Port Keats,AU,2021-12-12 14:12:03,-14.25,129.55,84.58,77,9,9.55
99,Ancud,CL,2021-12-12 14:12:03,-41.8697,-73.8203,53.13,79,99,15.08
100,Khatanga,RU,2021-12-12 14:12:03,71.9667,102.5,-51.05,100,78,0.85
101,Nome,US,2021-12-12 14:12:03,64.5011,-165.4064,-7.53,59,1,3.44
102,Clyde River,CA,2021-12-12 14:12:04,70.4692,-68.5914,-17.43,96,20,3.78
103,Vao,NC,2021-12-12 14:12:04,-22.6667,167.4833,78.24,89,100,17.13
104,Lugovoy,KZ,2021-12-12 14:12:04,42.9472,72.7644,39.02,72,98,5.68
105,Darhan,MN,2021-12-12 14:12:05,49.4867,105.9228,8.19,84,84,6.87
106,Shizunai,JP,2021-12-12 14:12:05,42.3339,142.3669,42.58,65,79,29.17
107,Bud,US,2021-12-12 14:12:05,39.447,-86.1758,33.89,79,49,7.87
108,Dharmanagar,IN,2021-12-12 14:12:05,24.3667,92.1667,61.2,79,0,1.01
109,Padang,ID,2021-12-12 14:12:06,-0.9492,100.3543,78.85,89,100,5.28
110,Uvinza,TZ,2021-12-12 14:12:06,-5.1036,30.3911,74.73,80,93,4.45
111,Pangkalanbuun,ID,2021-12-12 14:12:06,-2.6833,111.6167,75.4,97,100,2.71
112,Planaltina,BR,2021-12-12 14:07:07,-15.4528,-47.6142,80.89,92,100,5.26
113,Port Blair,IN,2021-12-12 14:12:07,11.6667,92.75,80.17,75,8,10.69
114,Kaputa,ZM,2021-12-12 14:12:07,-8.4689,29.6619,82.56,52,65,5.23
115,Lakes Entrance,AU,2021-12-12 14:03:26,-37.8811,147.981,53.17,87,0,8.88
116,Gamba,GA,2021-12-12 14:12:07,-2.65,10.0,75.97,90,100,3.22
117,Kovur,IN,2021-12-12 14:12:08,14.4833,79.9833,76.53,83,13,8.88
118,Burns Lake,CA,2021-12-12 14:12:08,54.2331,-125.7533,18.19,98,100,0.65
119,Saint George,US,2021-12-12 14:12:08,37.1041,-113.5841,41.34,72,1,0.0
120,Ouadda,CF,2021-12-12 14:12:09,8.0777,22.4007,97.41,14,15,5.97
121,Lompoc,US,2021-12-12 14:12:09,34.6391,-120.4579,51.12,82,1,0.0
122,Moose Factory,CA,2021-12-12 14:12:09,51.2585,-80.6094,11.66,94,70,7.76
123,Odda,NO,2021-12-12 14:12:10,60.0691,6.5457,43.77,97,100,4.99
124,Seoul,KR,2021-12-12 14:12:10,37.5683,126.9778,27.84,28,0,11.79
125,Geraldton,AU,2021-12-12 14:12:10,-28.7667,114.6,66.61,68,14,25.32
126,Batouri,CM,2021-12-12 14:12:10,4.4333,14.3667,96.51,15,44,6.6
127,Hamilton,US,2021-12-12 14:08:28,39.1834,-84.5333,35.4,82,20,1.01
128,Tuktoyaktuk,CA,2021-12-12 14:12:11,69.4541,-133.0374,-1.16,96,100,16.64
129,Wajima,JP,2021-12-12 14:12:11,37.4,136.9,42.08,84,100,24.52
130,Faanui,PF,2021-12-12 14:12:11,-16.4833,-151.75,80.15,72,83,9.6
131,Kargasok,RU,2021-12-12 14:12:12,59.0556,80.8572,-4.56,99,93,6.49
132,Bubaque,GW,2021-12-12 14:12:12,11.2833,-15.8333,80.85,72,71,6.06
133,Taoudenni,ML,2021-12-12 14:12:12,22.6783,-3.9836,83.19,8,11,11.27
134,Kencong,ID,2021-12-12 14:12:12,-8.2833,113.3667,78.66,87,100,3.69
135,Karmaskaly,RU,2021-12-12 14:12:13,54.3709,56.1837,6.71,95,5,2.91
136,Narsaq,GL,2021-12-12 14:12:13,60.9167,-46.05,19.62,83,15,5.37
137,Yar-Sale,RU,2021-12-12 14:12:13,66.8333,70.8333,-8.66,100,92,3.78
138,Marrakesh,MA,2021-12-12 14:12:14,31.6315,-8.0083,77.07,25,0,6.91
139,Ueda,JP,2021-12-12 14:08:15,36.4,138.2667,49.33,91,98,4.56
140,Nhulunbuy,AU,2021-12-12 14:12:14,-12.2333,136.7667,79.41,78,100,0.0
141,Cangucu,BR,2021-12-12 14:12:14,-31.395,-52.6756,78.01,41,0,4.72
142,Port Elizabeth,ZA,2021-12-12 14:12:15,-33.918,25.5701,77.09,76,92,12.8
143,Saldanha,ZA,2021-12-12 14:12:15,-33.0117,17.9442,64.26,79,100,11.9
144,Port Hardy,CA,2021-12-12 14:12:15,50.6996,-127.4199,36.75,79,91,8.12
145,Vila Franca Do Campo,PT,2021-12-12 14:12:16,37.7167,-25.4333,64.81,68,71,16.8
146,Kodinar,IN,2021-12-12 14:12:16,20.7903,70.7031,75.33,67,0,4.65
147,Vangaindrano,MG,2021-12-12 14:12:16,-23.35,47.6,81.82,60,0,9.66
148,Jalu,LY,2021-12-12 14:12:16,29.0331,21.5482,68.97,19,100,8.63
149,Santa Cruz,BO,2021-12-12 14:12:17,-17.8,-63.1667,75.25,88,90,13.8
150,Namibe,AO,2021-12-12 14:12:17,-15.1961,12.1522,77.56,63,11,12.08
151,Arlit,NE,2021-12-12 14:12:17,18.7369,7.3853,87.57,5,6,0.47
152,Pevek,RU,2021-12-12 14:12:18,69.7008,170.3133,-34.89,97,27,4.0
153,Bay Roberts,CA,2021-12-12 14:12:18,47.5999,-53.2648,54.34,94,100,11.99
154,Baykit,RU,2021-12-12 14:12:18,61.67,96.37,-17.52,99,91,3.36
155,Dubbo,AU,2021-12-12 14:11:15,-32.25,148.6167,62.73,72,0,13.8
156,Severo-Kurilsk,RU,2021-12-12 14:12:19,50.6789,156.125,32.65,93,100,15.59
157,Ahipara,NZ,2021-12-12 14:12:19,-35.1667,173.1667,65.73,97,100,4.25
158,Aldan,RU,2021-12-12 14:12:19,58.6031,125.3894,-25.92,96,22,5.46
159,Carnarvon,AU,2021-12-12 14:12:19,-24.8667,113.6333,71.67,73,0,21.85
160,Nuuk,GL,2021-12-12 14:12:20,64.1835,-51.7216,20.01,86,75,10.36
161,Sao Joao Da Barra,BR,2021-12-12 14:12:20,-21.6403,-41.0511,87.89,76,74,11.27
162,Meadow Lake,US,2021-12-12 14:12:20,34.8014,-106.5436,30.24,37,0,1.66
163,Buala,SB,2021-12-12 14:12:21,-8.145,159.5921,80.19,85,100,6.78
164,Tilichiki,RU,2021-12-12 14:12:21,60.4667,166.1,-7.26,80,100,11.97
165,Saint Anthony,US,2021-12-12 14:12:21,45.0205,-93.218,27.54,76,1,3.0
166,Kavaratti,IN,2021-12-12 14:12:21,10.5669,72.642,82.54,74,91,4.23
167,Laguna,US,2021-12-12 14:12:22,38.421,-121.4238,52.3,86,90,1.99
168,Konstantinovo,BY,2021-12-12 14:12:22,54.6628,29.2699,34.57,99,100,5.19
169,Libertador General San Martin,AR,2021-12-12 14:12:22,-23.8064,-64.7876,87.98,45,1,3.71
170,Chokurdakh,RU,2021-12-12 14:12:22,70.6333,147.9167,-29.13,94,100,2.89
171,Abu Dhabi,AE,2021-12-12 14:08:49,24.4667,54.3667,73.96,61,39,12.3
172,Esperance,AU,2021-12-12 14:12:23,-33.8667,121.9,59.18,53,83,12.48
173,Caconda,AO,2021-12-12 14:12:23,-13.7333,15.0667,70.57,72,99,3.36
174,Lata,PT,2021-12-12 14:12:23,40.1629,-8.3327,68.49,55,26,1.14
175,Bambous Virieux,MU,2021-12-12 14:12:24,-20.3428,57.7575,79.21,67,100,15.26
176,Klaksvik,FO,2021-12-12 14:12:24,62.2266,-6.589,45.52,73,99,20.24
177,Kapaa,US,2021-12-12 14:12:24,22.0752,-159.319,73.72,83,90,1.99
178,Olafsvik,IS,2021-12-12 14:12:25,64.8945,-23.7142,42.15,87,100,19.46
179,Lagos,NG,2021-12-12 14:10:27,6.5833,3.75,94.62,40,63,5.59
180,Hovd,MN,2021-12-12 14:12:25,48.0056,91.6419,6.69,61,0,6.51
181,Yasenskaya,RU,2021-12-12 14:12:25,46.3592,38.269,42.73,72,100,19.8
182,The Valley,AI,2021-12-12 14:12:26,18.217,-63.0578,83.82,74,40,16.11
183,Burley,US,2021-12-12 14:12:26,42.5357,-113.7928,39.16,35,90,18.41
184,Sitka,US,2021-12-12 14:12:26,57.0531,-135.33,35.49,69,90,13.8
185,Sambava,MG,2021-12-12 14:12:26,-14.2667,50.1667,81.28,69,100,9.44
186,Slyudyanka,RU,2021-12-12 14:12:27,51.6594,103.7061,16.74,85,93,4.25
187,Jiuquan,CN,2021-12-12 14:12:27,39.7432,98.5174,20.88,33,0,3.4
188,Nara,JP,2021-12-12 14:12:27,34.6851,135.8049,56.48,53,73,8.34
189,Hobart,AU,2021-12-12 14:12:28,-42.8794,147.3294,53.46,79,40,1.99
190,Visby,SE,2021-12-12 14:12:28,57.6409,18.296,34.77,93,40,3.44
191,Rantepao,ID,2021-12-12 14:12:28,-2.9701,119.8978,67.96,96,98,2.77
192,Alofi,NU,2021-12-12 14:12:28,-19.0595,-169.9187,78.03,72,7,9.4
193,Skjervoy,NO,2021-12-12 14:12:29,70.0311,20.9714,32.18,66,100,9.42
194,Flin Flon,CA,2021-12-12 14:12:29,54.7682,-101.865,1.38,99,61,2.24
195,Tazovskiy,RU,2021-12-12 14:12:29,67.4667,78.7,-14.62,84,100,6.64
196,Itarema,BR,2021-12-12 14:12:30,-2.9248,-39.9167,89.71,53,82,17.47
197,Otane,NZ,2021-12-12 14:12:30,-39.8833,176.6333,55.0,98,100,2.13
198,Sao Jose Da Coroa Grande,BR,2021-12-12 14:12:30,-8.8978,-35.1478,85.23,59,26,11.61
199,Kahului,US,2021-12-12 14:12:31,20.8947,-156.47,71.62,90,20,12.66
200,San Patricio,US,2021-12-12 14:12:31,28.017,-97.5169,51.84,47,0,6.53
201,Russell,US,2021-12-12 14:12:31,32.3502,-85.1999,44.96,80,1,10.36
202,La Rioja,ES,2021-12-12 14:12:31,42.25,-2.5,53.04,55,82,0.45
203,Amahai,ID,2021-12-12 14:12:32,-3.3333,128.9167,80.74,84,100,4.32
204,Lagoa,PT,2021-12-12 14:12:32,39.05,-27.9833,56.93,72,100,32.32
205,La Ronge,CA,2021-12-12 14:12:32,55.1001,-105.2842,5.38,96,67,4.59
206,Les Cayes,HT,2021-12-12 14:12:33,18.2,-73.75,81.68,62,0,2.33
207,Tessalit,ML,2021-12-12 14:12:33,20.1986,1.0114,84.54,6,9,2.42
208,Marmarion,GR,2021-12-12 14:12:33,38.0484,24.3204,64.58,66,5,11.86
209,Pine Bluff,US,2021-12-12 14:12:33,34.2284,-92.0032,32.07,100,1,0.0
210,Dingle,PH,2021-12-12 14:12:34,10.9995,122.6711,75.92,93,94,8.46
211,Mandera,KE,2021-12-12 14:12:34,3.9366,41.867,93.97,25,50,12.41
212,Bouca,CF,2021-12-12 14:12:34,6.5105,18.2733,98.64,17,100,6.78
213,Ronda,ES,2021-12-12 14:12:35,36.7423,-5.1671,65.86,42,0,6.29
214,Whitehorse,CA,2021-12-12 14:12:35,60.7161,-135.0538,-6.99,100,87,3.85
215,Tacuarembo,UY,2021-12-12 14:12:35,-31.7333,-55.9833,90.52,26,17,7.61
216,Broome,US,2021-12-12 14:12:35,42.2506,-75.833,37.81,67,1,4.0
217,Udachnyy,RU,2021-12-12 14:12:36,66.4167,112.4,-44.55,80,99,4.14
218,Longyearbyen,SJ,2021-12-12 14:12:36,78.2186,15.6401,33.64,80,75,26.46
219,Egvekinot,RU,2021-12-12 14:12:36,66.3167,-179.1667,-26.03,93,21,3.67
220,Aksarka,RU,2021-12-12 14:12:37,66.5606,67.7975,0.12,98,98,1.16
221,Flinders,AU,2021-12-12 14:12:37,-34.5833,150.8552,62.2,87,40,7.76
222,Torbay,CA,2021-12-12 14:12:37,47.6666,-52.7314,53.58,95,90,33.38
223,Pisco,PE,2021-12-12 14:12:37,-13.7,-76.2167,69.85,78,90,4.61
224,Leh,IN,2021-12-12 14:12:38,34.1667,77.5833,12.11,52,99,1.7
225,Airai,TL,2021-12-12 14:12:38,-8.9266,125.4092,62.42,93,90,1.03
226,Bluefields,NI,2021-12-12 14:12:38,12.0137,-83.7635,76.57,89,39,5.46
227,Pochutla,MX,2021-12-12 14:12:39,15.7432,-96.4661,75.81,62,3,3.27
228,College,US,2021-12-12 14:12:39,64.8569,-147.8028,-10.8,70,90,0.0
229,Safaga,EG,2021-12-12 14:12:39,26.7292,33.9365,76.15,57,100,5.08
230,Biak,ID,2021-12-12 14:12:39,-0.9131,122.8766,78.4,87,100,2.82
231,Kingaroy,AU,2021-12-12 14:12:40,-26.5333,151.8333,62.15,95,29,4.9
232,Komarikhinskiy,RU,2021-12-12 14:12:40,58.0979,57.1163,2.17,96,100,2.59
233,Manaure,CO,2021-12-12 14:12:40,11.7751,-72.4445,81.54,69,100,11.16
234,Coquimbo,CL,2021-12-12 14:12:41,-29.9533,-71.3436,64.13,72,40,10.36
235,Katsuura,JP,2021-12-12 14:12:41,35.1333,140.3,63.19,63,10,26.84
236,Nevsehir,TR,2021-12-12 14:12:41,38.9167,34.6667,54.61,44,0,6.91
237,Trelew,AR,2021-12-12 14:12:42,-43.249,-65.3051,70.5,17,0,21.34
238,Ilulissat,GL,2021-12-12 14:09:33,69.2167,-51.1,19.42,73,40,12.66
239,Tautira,PF,2021-12-12 14:12:42,-17.7333,-149.15,77.02,76,30,6.64
240,Severo-Yeniseyskiy,RU,2021-12-12 14:12:42,60.3725,93.0408,-10.34,100,100,1.23
241,Constitucion,CL,2021-12-12 14:12:43,-35.3333,-72.4167,60.57,63,5,12.71
242,Mossendjo,CG,2021-12-12 14:12:43,-2.9506,12.7261,77.76,90,79,3.6
243,Tuatapere,NZ,2021-12-12 14:12:43,-46.1333,167.6833,44.82,91,22,3.47
244,Bam,IR,2021-12-12 14:12:43,29.106,58.357,56.59,32,0,6.96
245,Marawi,PH,2021-12-12 14:12:44,7.9986,124.2928,69.66,97,41,1.39
246,Lappeenranta,FI,2021-12-12 14:12:44,61.0587,28.1887,32.05,97,90,3.44
247,Matagami,CA,2021-12-12 14:12:44,49.7502,-77.6328,18.66,88,92,10.83
248,Meybod,IR,2021-12-12 14:12:44,32.2501,54.0166,59.02,39,0,4.29
249,Jaciara,BR,2021-12-12 14:12:45,-15.9653,-54.9683,78.76,84,100,2.48
250,Bonaventure,CA,2021-12-12 14:09:52,48.0457,-65.4926,36.18,67,98,34.29
251,Stokmarknes,NO,2021-12-12 14:12:45,68.5646,14.9108,37.38,70,75,13.8
252,Budelsdorf,DE,2021-12-12 14:12:45,54.3167,9.6833,44.82,75,100,4.0
253,Apac,UG,2021-12-12 14:12:46,1.9756,32.5386,92.14,16,99,10.71
254,Cape Canaveral,US,2021-12-12 14:12:46,28.4058,-80.6048,73.38,86,1,3.44
255,Victoria,HK,2021-12-12 14:10:12,22.2855,114.1577,71.65,79,6,1.01
256,Saint-Philippe,RE,2021-12-12 14:12:46,-21.3585,55.7679,82.22,77,79,12.26
257,Labuhan,ID,2021-12-12 14:12:47,-6.8844,112.2051,80.33,82,50,9.35
258,Collie,AU,2021-12-12 14:12:47,-33.3667,116.15,52.99,57,30,10.38
259,Baghdad,IQ,2021-12-12 14:11:17,33.3406,44.4009,64.31,36,0,9.22
260,Brae,GB,2021-12-12 14:12:47,60.3964,-1.353,46.31,77,100,17.81
261,Shunyi,CN,2021-12-12 14:12:48,40.125,116.6453,31.95,23,0,6.71
262,Karlshus,NO,2021-12-12 14:12:48,59.352,10.8723,37.83,70,90,9.22
263,Sabha,LY,2021-12-12 14:12:48,27.0377,14.4283,65.55,22,3,5.79
264,Karratha,AU,2021-12-12 14:12:48,-20.7377,116.8463,96.82,19,4,17.92
265,Amealco,MX,2021-12-12 14:12:49,20.1833,-100.15,41.07,81,64,4.65
266,Luderitz,NA,2021-12-12 14:12:49,-26.6481,15.1594,72.28,57,0,18.88
267,Naze,JP,2021-12-12 14:12:49,28.3667,129.4833,63.0,65,12,15.1
268,San Miguel De Sema,CO,2021-12-12 14:12:50,5.5178,-73.7221,58.37,68,92,3.11
269,Murdochville,CA,2021-12-12 14:12:50,48.9583,-65.5006,22.33,79,86,23.06
270,Souillac,MU,2021-12-12 14:12:50,-20.5167,57.5167,79.36,68,100,15.01
271,Villa Carlos Paz,AR,2021-12-12 14:11:28,-31.4241,-64.4978,61.88,52,1,9.4
272,Ponta Delgada,PT,2021-12-12 14:12:50,37.7333,-25.6667,65.12,68,20,20.71
273,Inuvik,CA,2021-12-12 14:12:51,68.3499,-133.7218,-0.18,95,100,17.11
274,Aklavik,CA,2021-12-12 14:12:51,68.2191,-135.0107,-1.08,92,100,22.79
275,San Jeronimo,PE,2021-12-12 14:12:51,-11.9472,-75.2829,58.39,55,26,1.7
276,Kutum,SD,2021-12-12 14:12:52,14.2,24.6667,82.9,13,90,7.83
277,Nosy Varika,MG,2021-12-12 14:12:52,-20.5833,48.5333,81.1,68,36,11.05
278,Hobyo,SO,2021-12-12 14:12:52,5.3505,48.5268,80.31,73,41,20.42
279,Cabo San Lucas,MX,2021-12-12 14:08:07,22.8909,-109.9124,62.91,88,40,8.05
280,Bose,IT,2021-12-12 14:12:52,45.4612,8.0137,51.55,47,93,1.16
281,Lisburn,GB,2021-12-12 14:12:53,54.5234,-6.0353,52.02,96,90,8.05
282,Rabo De Peixe,PT,2021-12-12 14:12:53,37.8,-25.5833,63.91,95,20,20.71
283,Hofn,IS,2021-12-12 14:12:53,64.2539,-15.2082,39.22,93,75,19.57
284,Surt,LY,2021-12-12 14:12:54,31.2089,16.5887,61.45,44,7,16.33
285,Muzhi,RU,2021-12-12 14:12:54,65.3667,64.6667,7.21,93,73,3.8
286,Te Anau,NZ,2021-12-12 14:12:54,-45.4167,167.7167,45.88,91,81,0.78
287,Raudeberg,NO,2021-12-12 14:12:54,61.9875,5.1352,42.96,85,100,8.01
288,Sri Aman,MY,2021-12-12 14:12:55,1.2376,111.4621,74.12,100,100,2.44
289,Lavrentiya,RU,2021-12-12 14:12:55,65.5833,-171.0,-12.35,85,2,5.17
290,Labuan,MY,2021-12-12 14:12:55,5.2767,115.2417,80.76,81,100,4.85
291,Killybegs,IE,2021-12-12 14:12:55,54.6333,-8.45,54.45,89,100,16.31
292,Affery,CI,2021-12-12 14:12:56,6.315,-3.9603,98.17,30,49,2.55
293,Mehamn,NO,2021-12-12 14:12:56,71.0357,27.8492,28.36,96,100,6.98
294,Margate,GB,2021-12-12 14:12:56,51.3813,1.3862,56.03,80,91,1.99
295,Wasilla,US,2021-12-12 14:12:57,61.5814,-149.4394,7.72,75,1,4.61
296,Sinnamary,GF,2021-12-12 14:12:57,5.3833,-52.95,77.79,92,100,12.91
297,Vila Velha,BR,2021-12-12 14:09:09,-20.3297,-40.2925,87.75,64,20,13.0
298,Gisborne,NZ,2021-12-12 14:12:57,-38.6533,178.0042,58.95,94,100,5.84
299,Minab,IR,2021-12-12 14:12:58,27.1467,57.0801,76.5,30,8,1.95
300,Artesia,US,2021-12-12 14:11:59,33.8658,-118.0831,56.48,73,1,0.0
301,Paamiut,GL,2021-12-12 14:12:58,61.994,-49.6678,12.07,88,73,6.78
302,Kensington,AU,2021-12-12 14:12:58,-33.9167,151.2167,63.77,75,75,13.8
303,Khani,GE,2021-12-12 14:12:59,41.9563,42.9566,51.37,44,93,7.38
304,Baoro,CF,2021-12-12 14:12:59,5.6667,15.9667,93.43,17,97,9.42
305,Wanning,CN,2021-12-12 14:12:31,18.8003,110.3967,69.57,79,23,10.94
306,Cidreira,BR,2021-12-12 14:12:59,-30.1811,-50.2056,74.95,68,18,8.28
307,Cockburn Town,TC,2021-12-12 14:13:00,21.4612,-71.1419,80.02,73,0,18.28
308,Guerrero Negro,MX,2021-12-12 14:13:00,27.9769,-114.0611,57.25,64,5,5.59
309,Pascagoula,US,2021-12-12 14:08:23,30.3658,-88.5561,48.22,77,1,6.91
310,Konstantinovka,RU,2021-12-12 14:13:00,49.6167,127.9833,-6.66,92,11,6.4
311,Awbari,LY,2021-12-12 14:13:00,26.5921,12.7805,66.25,23,1,8.3
312,Siderno,IT,2021-12-12 14:13:01,38.2779,16.302,57.83,70,73,6.44
313,Cabadiangan,PH,2021-12-12 14:10:09,9.7531,122.4739,78.22,93,73,7.25
314,Los Llanos De Aridane,ES,2021-12-12 14:13:01,28.6585,-17.9182,65.95,82,75,5.99
315,Vung Tau,VN,2021-12-12 14:13:01,10.346,107.0843,78.3,83,89,10.98
316,San Pedro,PH,2021-12-12 14:13:02,14.35,121.0167,79.36,82,100,12.97
317,Bambanglipuro,ID,2021-12-12 14:13:02,-7.95,110.2833,78.55,84,14,3.44
318,Iskateley,RU,2021-12-12 14:13:02,67.6803,53.1512,17.87,96,99,9.35
319,Arraial Do Cabo,BR,2021-12-12 14:13:03,-22.9661,-42.0278,82.26,78,75,10.36
320,Magistralnyy,RU,2021-12-12 14:12:14,56.1725,107.4458,13.44,96,100,3.69
321,Pacific Grove,US,2021-12-12 14:08:21,36.6177,-121.9166,48.31,74,90,1.01
322,Vanavara,RU,2021-12-12 14:13:03,60.34,102.2797,-26.01,99,64,4.05
323,Coro,VE,2021-12-12 14:10:30,11.4045,-69.6734,81.63,63,30,6.26
324,Fallon,US,2021-12-12 14:09:07,39.4735,-118.7774,41.92,61,1,14.97
325,Savannah Bight,HN,2021-12-12 14:13:03,16.45,-85.85,82.0,75,0,16.11
326,Ponta Do Sol,PT,2021-12-12 14:13:04,32.6667,-17.1,71.01,73,52,0.65
327,Tsarychanka,UA,2021-12-12 14:13:04,48.937,34.4786,40.71,68,100,13.04
328,Puerto Escondido,MX,2021-12-12 14:11:21,15.85,-97.0667,72.43,73,1,6.91
329,Saint-Joseph,RE,2021-12-12 14:13:04,-21.3667,55.6167,81.21,75,89,13.15
330,Binga,ZW,2021-12-12 14:13:05,-17.6203,27.3414,97.09,24,57,5.97
331,Malanje,AO,2021-12-12 14:13:05,-9.5402,16.341,80.35,65,53,4.34
332,Majene,ID,2021-12-12 14:13:05,-3.5403,118.9707,78.1,86,100,5.59
333,Ulaanbaatar,MN,2021-12-12 14:11:34,47.9077,106.8832,-7.47,77,9,2.24
334,Sioux Lookout,CA,2021-12-12 14:13:06,50.1001,-91.917,24.49,85,9,10.49
335,Okhotsk,RU,2021-12-12 14:13:06,59.3833,143.3,-3.32,76,78,18.66
336,Jumla,NP,2021-12-12 14:13:06,29.2747,82.1838,37.0,52,3,5.7
337,Dubrajpur,IN,2021-12-12 14:13:07,23.8,87.3833,62.65,40,0,7.02
338,Mbini,GQ,2021-12-12 14:13:07,1.574,9.6134,83.95,70,100,6.67
339,Korla,CN,2021-12-12 14:13:07,41.7597,86.1469,21.13,72,3,0.4
340,Grindavik,IS,2021-12-12 14:13:07,63.8424,-22.4338,41.47,87,75,23.02
341,Sinegorye,RU,2021-12-12 14:13:08,62.0788,150.477,-15.3,99,100,2.95
342,Mirabad,AF,2021-12-12 14:11:11,30.4362,61.8383,59.0,29,0,8.97
343,Port Lincoln,AU,2021-12-12 14:13:08,-34.7333,135.8667,61.39,84,81,18.81
344,Gizo,SB,2021-12-12 14:13:08,-8.103,156.8419,83.61,76,100,5.77
345,Kushmurun,KZ,2021-12-12 14:13:09,52.4503,64.6311,5.38,94,6,6.69
346,Severnyy,RU,2021-12-12 14:13:09,50.677,36.5532,28.44,100,90,11.18
347,Fillan,NO,2021-12-12 14:13:09,63.6064,8.9696,39.38,87,100,10.27
348,Tagusao,PH,2021-12-12 14:13:10,9.1924,117.8141,79.68,85,100,5.08
349,San Quintin,MX,2021-12-12 14:13:10,30.4833,-115.95,53.44,65,0,5.26
350,Solvychegodsk,RU,2021-12-12 14:13:10,61.3305,46.9156,7.9,89,95,6.33
351,Muhlhausen,DE,2021-12-12 14:13:10,51.2167,10.45,42.3,92,100,13.76
352,Fortuna,US,2021-12-12 14:09:26,40.5982,-124.1573,48.65,95,90,7.0
353,Pozo Colorado,PY,2021-12-12 14:13:11,-23.4923,-58.7972,81.88,58,100,8.97
354,Benghazi,LY,2021-12-12 14:13:11,32.1167,20.0667,63.39,55,16,19.82
355,Itoman,JP,2021-12-12 14:13:11,26.1247,127.6694,68.02,83,75,14.97
356,Rudbar,AF,2021-12-12 14:11:10,30.15,62.6,57.85,26,0,5.79
357,Labytnangi,RU,2021-12-12 14:13:12,66.6572,66.4183,-7.94,95,18,3.38
358,Srandakan,ID,2021-12-12 14:13:12,-7.9386,110.2506,78.75,83,15,3.33
359,Mundu,TD,2021-12-12 14:13:12,8.5667,16.0833,99.25,11,24,7.43
360,Mezen,RU,2021-12-12 14:13:13,65.8522,44.24,18.27,94,100,8.14
361,Champerico,GT,2021-12-12 14:13:13,14.3,-91.9167,86.36,70,1,4.76
362,Vardo,NO,2021-12-12 14:13:13,70.3705,31.1107,31.75,92,100,16.87
363,Bitung,ID,2021-12-12 14:13:13,1.4451,125.1824,77.85,81,99,7.67
364,Tateyama,JP,2021-12-12 14:13:14,34.9833,139.8667,63.1,60,11,30.56
365,Hambantota,LK,2021-12-12 14:13:14,6.1241,81.1185,79.81,80,100,15.19
366,Juneau,US,2021-12-12 14:13:14,58.3019,-134.4197,28.45,85,90,3.0
367,Gibsons,CA,2021-12-12 14:13:15,49.3997,-123.5027,40.01,92,100,1.01
368,Narasannapeta,IN,2021-12-12 14:13:15,18.4167,84.05,73.33,74,21,10.92
369,Cristalina,BR,2021-12-12 14:13:15,-16.7686,-47.6136,76.68,63,95,10.02
370,Hammerfest,NO,2021-12-12 14:13:15,70.6634,23.6821,31.73,86,75,9.22
371,Luwuk,ID,2021-12-12 14:13:16,-0.9516,122.7875,79.75,89,100,2.68
372,Voh,NC,2021-12-12 14:13:16,-20.9667,164.7,78.15,85,100,5.06
373,Linjiang,CN,2021-12-12 14:13:16,41.8069,126.9078,1.11,90,31,2.8
374,Sidi Ali,DZ,2021-12-12 14:13:17,36.0998,0.4206,59.99,56,0,2.3
375,Chapais,CA,2021-12-12 14:13:17,49.7834,-74.8492,16.14,88,100,15.52
376,Diego De Almagro,CL,2021-12-12 14:13:17,-26.3667,-70.05,71.65,22,0,7.16
377,Muros,ES,2021-12-12 14:13:17,42.7762,-9.0603,64.99,81,28,3.44
378,Lasa,IT,2021-12-12 14:13:18,46.6166,10.7002,46.31,74,15,8.43
379,Balkanabat,TM,2021-12-12 14:13:18,39.5108,54.3671,49.93,63,85,9.66
380,Capinzal,BR,2021-12-12 14:13:18,-27.3436,-51.6119,81.3,50,94,1.21
381,Jurmala,LV,2021-12-12 14:13:19,56.968,23.7704,33.82,93,90,5.75
382,Lima,PE,2021-12-12 14:13:07,-12.0432,-77.0282,71.85,64,40,5.75
383,Halifax,CA,2021-12-12 14:10:52,44.6453,-63.5724,49.48,85,100,8.99
384,Ratnagiri,IN,2021-12-12 14:13:19,16.9833,73.3,80.24,71,100,9.13
385,Bumba,CD,2021-12-12 14:13:19,2.1833,22.4667,88.99,47,100,3.13
386,Norman Wells,CA,2021-12-12 14:13:20,65.282,-126.8329,-3.21,95,100,13.94
387,Helena,US,2021-12-12 14:13:20,46.5927,-112.0361,25.54,69,98,7.72
388,Bandon,IE,2021-12-12 14:13:20,51.7469,-8.7425,53.46,86,99,23.09
389,Pangnirtung,CA,2021-12-12 14:13:21,66.1451,-65.7125,-6.66,75,73,5.53
390,Erzin,TR,2021-12-12 14:13:21,36.9559,36.2,66.72,55,87,6.67
391,Gorontalo,ID,2021-12-12 14:13:21,0.5412,123.0595,76.73,96,98,3.78
392,Coahuayana,MX,2021-12-12 14:13:21,18.7333,-103.6833,76.48,75,90,3.22
393,Kloulklubed,PW,2021-12-12 14:13:22,7.0419,134.2556,83.7,78,100,14.32
394,Bintulu,MY,2021-12-12 14:13:22,3.1667,113.0333,77.86,90,100,2.59
395,Darnah,LY,2021-12-12 14:13:22,32.767,22.6367,65.97,49,80,18.12
396,Port Hedland,AU,2021-12-12 14:13:23,-20.3167,118.5667,86.05,70,0,6.91
397,Semey,KZ,2021-12-12 14:13:23,50.4111,80.2275,16.3,92,100,8.55
398,Sosua,DO,2021-12-12 14:13:23,19.7667,-70.5167,81.79,85,20,5.75
399,Taltal,CL,2021-12-12 14:13:23,-25.4,-70.4833,66.38,70,8,6.73
400,Oyotun,PE,2021-12-12 14:13:24,-6.8519,-79.3036,69.39,65,61,5.19
401,Amberley,US,2021-12-12 14:13:24,39.2048,-84.428,34.72,83,88,1.99
402,Limon,CR,2021-12-12 14:13:24,10.0,-83.0333,78.69,83,75,4.61
403,Manuk Mangkaw,PH,2021-12-12 14:13:25,4.8,119.85,82.76,74,99,1.97
404,Chara,RU,2021-12-12 14:13:25,56.9064,118.2631,-15.45,85,95,0.45
405,Powell,US,2021-12-12 14:13:25,40.1578,-83.0752,34.18,84,1,1.01
406,Coihaique,CL,2021-12-12 14:13:04,-45.5752,-72.0662,55.35,54,75,9.22
407,Valparaiso,CL,2021-12-12 14:13:25,-33.0393,-71.6273,68.23,54,40,11.5
408,Mocuba,MZ,2021-12-12 14:13:26,-16.8392,36.9856,102.04,24,45,11.79
409,Khash,IR,2021-12-12 14:13:26,28.2211,61.2158,53.26,22,61,5.99
410,Henties Bay,NA,2021-12-12 14:13:26,-22.116,14.2845,64.85,70,4,16.08
411,Luanda,AO,2021-12-12 14:13:27,-8.8368,13.2343,81.86,75,63,9.75
412,Klyuchi,RU,2021-12-12 14:13:27,52.2667,79.1667,7.25,94,100,7.27
413,Urusha,RU,2021-12-12 14:13:27,54.05,122.9,-10.84,94,38,1.45
414,Shostka,UA,2021-12-12 14:10:06,51.863,33.4698,35.42,85,100,9.98
415,Codrington,AU,2021-12-12 14:13:28,-38.2667,141.9667,58.64,71,0,10.02
416,Beisfjord,NO,2021-12-12 14:13:28,68.3751,17.5988,33.96,85,97,6.85
417,Warner Robins,US,2021-12-12 14:13:00,32.621,-83.5999,46.56,82,40,6.91
418,Misratah,LY,2021-12-12 14:13:28,32.3754,15.0925,60.96,47,45,19.48
419,Birao,CF,2021-12-12 14:13:28,10.2849,22.7882,97.21,13,51,8.59
420,Hasaki,JP,2021-12-12 14:13:29,35.7333,140.8333,54.0,58,100,16.84
421,Fort Nelson,CA,2021-12-12 14:13:29,58.8053,-122.7002,-7.22,99,99,3.04
422,Tahe,CN,2021-12-12 14:13:29,52.3333,124.7333,-7.8,93,17,3.8
423,Tahoua,NE,2021-12-12 14:13:30,14.8888,5.2692,92.46,8,100,10.47
424,Kavieng,PG,2021-12-12 14:13:30,-2.5744,150.7967,81.16,83,100,3.42
425,Miri,MY,2021-12-12 14:13:30,4.4148,114.0089,78.48,91,100,4.34
426,Columbus,US,2021-12-12 14:12:42,39.9612,-82.9988,34.7,85,1,5.01
427,Quatre Cocos,MU,2021-12-12 14:13:31,-20.2078,57.7625,79.09,67,100,15.79
428,Kibungo,RW,2021-12-12 14:13:31,-2.1597,30.5427,77.92,82,100,0.4
429,Beloha,MG,2021-12-12 14:13:31,-25.1667,45.05,90.88,38,64,17.63
430,North Port,US,2021-12-12 14:13:31,27.0442,-82.2359,75.97,84,11,2.68
431,Sobolevo,RU,2021-12-12 14:13:32,54.4299,31.8996,34.25,99,100,10.27
432,Luba,GQ,2021-12-12 14:13:32,3.4568,8.5547,82.65,75,99,5.41
433,Angoche,MZ,2021-12-12 14:13:32,-16.2325,39.9086,85.46,64,4,15.99
434,Clarence Town,AU,2021-12-12 14:13:33,-32.5833,151.7833,67.86,94,7,2.62
435,Husavik,IS,2021-12-12 14:13:33,66.0449,-17.3389,33.39,81,85,17.43
436,Kasganj,IN,2021-12-12 14:13:33,27.8167,78.65,61.56,36,65,3.29
437,Bereznik,RU,2021-12-12 14:13:33,62.8551,42.7072,6.1,94,81,5.68
438,Chernyshevskiy,RU,2021-12-12 14:13:34,63.0128,112.4714,-35.66,99,96,3.78
439,Denpasar,ID,2021-12-12 14:12:04,-8.65,115.2167,82.06,88,40,6.91
440,Marzuq,YE,2021-12-12 14:13:34,14.4,46.4667,68.68,26,0,8.57
441,Kungurtug,RU,2021-12-12 14:13:34,50.5994,97.5228,-3.17,91,17,1.81
442,Port-Gentil,GA,2021-12-12 14:13:35,-0.7193,8.7815,79.02,82,100,6.58
443,Mae Hong Son,TH,2021-12-12 14:13:35,19.3003,97.9685,72.05,71,33,2.19
444,Batabano,CU,2021-12-12 14:13:35,22.7164,-82.2881,75.81,75,3,8.97
445,Waipawa,NZ,2021-12-12 14:13:35,-41.4122,175.5153,52.43,94,99,5.91
446,Gimli,CA,2021-12-12 14:13:36,50.6336,-96.9907,32.43,83,4,12.53
447,Richards Bay,ZA,2021-12-12 14:13:36,-28.783,32.0377,80.28,78,94,11.95
448,Caravelas,BR,2021-12-12 14:13:36,-17.7125,-39.2481,85.51,57,88,9.84
449,Sakhipur,BD,2021-12-12 14:13:37,24.3,90.1833,71.47,40,0,4.99
450,Bafoulabe,ML,2021-12-12 14:13:37,13.8065,-10.8321,98.19,6,15,5.3
451,Sonoita,MX,2021-12-12 14:13:37,31.85,-112.8333,49.55,34,13,3.51
452,Marivan,IR,2021-12-12 14:13:37,35.5219,46.176,49.95,24,0,3.04
453,Gornozavodsk,RU,2021-12-12 14:13:38,58.3758,58.3211,-0.04,98,100,2.28
454,Worland,US,2021-12-12 14:10:43,44.0169,-107.9554,33.15,85,1,3.44
455,Alekseyevsk,RU,2021-12-12 14:13:38,57.8406,108.3492,12.87,95,100,6.6
456,Canapi,BR,2021-12-12 14:13:38,-9.1174,-37.6012,91.65,29,55,8.93
457,Newport,GB,2021-12-12 14:13:39,51.5877,-2.9984,56.62,89,100,15.59
458,Srednebelaya,RU,2021-12-12 14:12:12,50.6594,128.0106,1.18,85,10,8.86
459,Port Macquarie,AU,2021-12-12 14:13:39,-31.4333,152.9167,65.89,84,23,8.66
460,Sola,VU,2021-12-12 14:13:39,-13.8833,167.55,79.43,87,100,18.5
461,Bengkulu,ID,2021-12-12 14:13:40,-3.8004,102.2655,77.94,88,86,5.1
462,Lodja,CD,2021-12-12 14:13:40,-3.4833,23.4333,78.87,75,98,1.74
463,Araouane,ML,2021-12-12 14:13:40,18.9048,-3.5265,85.46,6,16,6.49
464,Victoria Point,AU,2021-12-12 14:13:41,-27.5833,153.3,73.18,92,0,1.01
465,Nantucket,US,2021-12-12 14:08:56,41.2835,-70.0995,44.96,59,100,26.17
466,Haines Junction,CA,2021-12-12 14:13:41,60.7522,-137.5108,-6.72,97,99,3.94
467,Mitsamiouli,KM,2021-12-12 14:13:41,-11.3847,43.2844,82.15,69,100,8.86
468,Thinadhoo,MV,2021-12-12 14:13:42,0.5333,72.9333,80.31,78,88,7.11
469,Gigmoto,PH,2021-12-12 14:13:42,13.7796,124.39,78.75,89,99,16.11
470,Safranbolu,TR,2021-12-12 14:13:42,41.2508,32.6942,55.13,53,34,4.0
471,Campos Altos,BR,2021-12-12 14:13:42,-19.6961,-46.1714,77.56,67,58,9.08
472,Golden,US,2021-12-12 14:13:43,39.7555,-105.2211,40.82,53,40,1.01
473,Boende,CD,2021-12-12 14:13:43,-0.2167,20.8667,81.86,70,100,3.27
474,Namikupa,TZ,2021-12-12 14:13:43,-10.8333,39.6,87.15,47,100,9.35
475,Ostersund,SE,2021-12-12 14:13:43,63.1792,14.6357,31.6,93,0,12.66
476,Rianxo,ES,2021-12-12 14:13:44,42.6498,-8.8176,64.85,81,47,2.82
477,Monrovia,LR,2021-12-12 14:13:44,6.3005,-10.7969,89.37,67,96,8.88
478,Marienburg,PL,2021-12-12 14:13:44,54.0359,19.0266,32.11,93,100,6.98
479,Sorland,NO,2021-12-12 14:13:45,67.667,12.6934,40.86,65,75,14.97
480,Kenai,US,2021-12-12 14:13:45,60.5544,-151.2583,-8.97,84,1,3.44
481,Constantine,DZ,2021-12-12 14:13:45,36.365,6.6147,48.2,59,71,16.96
482,Verkhnevilyuysk,RU,2021-12-12 14:13:45,63.4453,120.3167,-26.36,96,100,4.32
483,Pisticci,IT,2021-12-12 14:13:46,40.3906,16.5568,47.21,64,100,20.67
484,Sale,MA,2021-12-12 14:13:46,34.0389,-6.8166,69.64,77,0,3.44
485,Koupela,BF,2021-12-12 14:13:46,12.1794,-0.3517,95.13,10,48,9.28
486,Miracema Do Tocantins,BR,2021-12-12 14:13:47,-9.5618,-48.3967,83.88,76,100,3.85
487,Malo,IT,2021-12-12 14:13:47,45.6603,11.4075,51.26,46,17,4.0
488,Roma,US,2021-12-12 14:12:54,43.2128,-75.4557,37.26,86,90,6.91
489,Tual,ID,2021-12-12 14:13:47,-5.6667,132.75,83.26,77,98,11.39
490,Aswan,EG,2021-12-12 14:13:47,24.0934,32.907,86.43,33,100,2.13
491,Kandry,RU,2021-12-12 14:13:48,54.5667,54.1167,10.98,93,43,1.03
492,Gasa,PS,2021-12-12 14:13:48,31.5,34.4667,74.88,49,100,4.03
493,Bolitoc,PH,2021-12-12 14:13:48,15.7395,119.8769,78.6,82,79,7.25
494,Shangzhi,CN,2021-12-12 14:13:49,45.2167,127.9667,5.32,87,49,10.27
495,Port Moresby,PG,2021-12-12 14:13:49,-9.4431,147.1797,78.44,84,100,3.27
496,Phanat Nikhom,TH,2021-12-12 14:13:49,13.4458,101.1844,84.85,99,2,5.73
497,Griffith,US,2021-12-12 14:13:49,41.5284,-87.4237,35.06,76,1,3.0
498,Virginia Beach,US,2021-12-12 14:13:37,36.8529,-75.978,47.03,57,20,5.01
499,Vestmannaeyjar,IS,2021-12-12 14:13:50,63.4427,-20.2734,43.79,75,40,28.77
500,Dinan,FR,2021-12-12 14:13:50,48.4167,-2.25,54.46,11,34,13.31
501,Komsomolskiy,UZ,2021-12-12 14:13:50,40.4272,71.7189,42.22,41,32,0.0
502,San Juan Del Sur,NI,2021-12-12 14:13:51,11.2529,-85.8705,78.4,80,1,19.35
503,Kharp,RU,2021-12-12 14:13:51,66.8014,65.8081,0.23,97,22,5.61
504,Kudahuvadhoo,MV,2021-12-12 14:13:51,2.6708,72.8944,81.27,78,100,18.75
505,Ballina,AU,2021-12-12 14:13:52,-28.8667,153.5667,68.04,96,58,8.12
506,Bilma,NE,2021-12-12 14:13:17,18.6853,12.9164,81.64,6,8,5.28
507,Praia,CV,2021-12-12 14:13:52,14.9215,-23.5087,79.34,65,75,14.97
508,Tome,CL,2021-12-12 14:13:52,-36.6167,-72.95,59.61,58,6,7.72
509,Batticaloa,LK,2021-12-12 14:13:52,7.7102,81.6924,79.9,82,100,12.3
510,Dakoro,NE,2021-12-12 14:13:53,14.5106,6.765,89.89,8,58,12.28
511,Kalmunai,LK,2021-12-12 14:09:17,7.4167,81.8167,78.75,86,100,10.36
512,Hirara,JP,2021-12-12 14:13:53,24.8,125.2833,70.43,80,100,24.74
513,Gazanjyk,TM,2021-12-12 14:13:53,39.2446,55.5154,49.68,65,94,7.02
514,Ishigaki,JP,2021-12-12 14:13:54,24.3448,124.1572,71.42,78,100,28.12
515,Rawson,AR,2021-12-12 14:13:54,-43.3002,-65.1023,68.7,22,0,19.6
516,Sarankhola,BD,2021-12-12 14:13:54,22.3082,89.7897,64.35,62,0,5.26
517,Atar,MR,2021-12-12 14:13:54,20.5169,-13.0499,87.28,9,57,10.76
518,Nynashamn,SE,2021-12-12 14:13:55,58.9034,17.9479,33.94,83,100,2.33
519,Guanica,PR,2021-12-12 14:13:55,17.9716,-66.908,86.2,66,0,1.99
520,Tura,IN,2021-12-12 14:13:55,25.5198,90.2201,58.37,69,0,3.69
521,Burnie,AU,2021-12-12 14:13:56,-41.0667,145.9167,56.48,78,56,14.25
522,Batagay-Alyta,RU,2021-12-12 14:13:56,67.8006,130.4114,-25.37,99,99,1.52
523,Balabac,PH,2021-12-12 14:13:56,7.9868,117.0645,81.61,84,100,14.36
524,Laguna De Perlas,NI,2021-12-12 14:13:56,12.3429,-83.6712,77.94,85,14,8.68
525,Lincoln,US,2021-12-12 14:13:57,40.8,-96.667,36.84,49,1,5.01
526,Pingxiang,CN,2021-12-12 14:13:57,27.6167,113.85,49.48,89,100,0.81
527,Zhanaozen,KZ,2021-12-12 14:13:57,43.3,52.8,32.65,45,2,12.3
528,Qasigiannguit,GL,2021-12-12 14:13:58,68.8193,-51.1922,19.65,94,100,3.83
529,Akdepe,TM,2021-12-12 14:13:58,42.0551,59.3788,32.0,54,74,12.33
530,Havoysund,NO,2021-12-12 14:13:58,70.9963,24.6622,29.28,79,100,8.37
531,Muravlenko,RU,2021-12-12 14:13:58,63.7898,74.523,-17.03,100,82,2.73
532,Fairbanks,US,2021-12-12 14:12:12,64.8378,-147.7164,-10.79,71,1,0.0
533,Alexandria,EG,2021-12-12 14:13:59,31.2156,29.9553,67.57,58,100,6.2
534,Samarai,PG,2021-12-12 14:13:59,-10.6167,150.6667,81.73,81,100,13.51
535,Cumra,TR,2021-12-12 14:13:59,37.5732,32.7745,57.34,38,1,13.98
536,Wanlaweyn,SO,2021-12-12 14:14:00,2.6185,44.8938,90.66,40,82,17.45
537,Rio Grande,BR,2021-12-12 14:14:00,-32.035,-52.0986,82.51,61,0,9.01
538,Madimba,TZ,2021-12-12 14:14:00,-10.4,40.3333,82.62,69,100,8.77
539,Nanakuli,US,2021-12-12 14:14:01,21.3906,-158.1547,73.35,83,40,0.0
540,Herat,AF,2021-12-12 14:14:01,34.5,62.0,44.8,47,0,15.01
541,Tabou,CI,2021-12-12 14:14:01,4.423,-7.3528,84.67,68,23,7.34
542,Petrov Val,RU,2021-12-12 14:09:36,50.1434,45.2096,20.64,84,7,8.95
